{"Acc": 0.9238095238095239, "Spec": 0.5625, "Sens": 0.9887640449438202}